"customer_id";"user_id";"address";"created_at";"updated_at"
1;1;"House 1, Model Town, Lahore";"2026-05-15 22:47:30";"2026-05-15 22:47:30"
2;2;"House 2, Gulshan-e-Iqbal, Karachi";"2026-05-15 22:47:30";"2026-05-15 22:47:30"
3;3;"House 3, F-8, Islamabad";"2026-05-15 22:47:30";"2026-05-15 22:47:30"
4;4;"House 4, Hayatabad, Faisalabad";"2026-05-15 22:47:30";"2026-05-15 22:47:30"
5;5;"House 5, Bahria Town, Rawalpindi";"2026-05-15 22:47:30";"2026-05-15 22:47:30"
6;6;"House 6, Clifton, Multan";"2026-05-15 22:47:30";"2026-05-15 22:47:30"
7;7;"House 7, Defence, Quetta";"2026-05-15 22:47:30";"2026-05-15 22:47:30"
8;8;"House 8, Johar Town, Hyderabad";"2026-05-15 22:47:30";"2026-05-15 22:47:30"
9;9;"House 9, Saddar, Sialkot";"2026-05-15 22:47:30";"2026-05-15 22:47:30"
10;10;"House 10, Blue Area, Peshawar";"2026-05-15 22:47:30";"2026-05-15 22:47:30"
11;11;"House 11, G-11, Lahore";"2026-05-15 22:47:30";"2026-05-15 22:47:30"
12;12;"House 12, Allama Iqbal Town, Karachi";"2026-05-15 22:47:30";"2026-05-15 22:47:30"
13;13;"House 13, North Nazimabad, Islamabad";"2026-05-15 22:47:30";"2026-05-15 22:47:30"
14;14;"House 14, Pechs, Faisalabad";"2026-05-15 22:47:30";"2026-05-15 22:47:30"
15;15;"House 15, Cantonment, Rawalpindi";"2026-05-15 22:47:30";"2026-05-15 22:47:30"
16;16;"House 16, Township, Multan";"2026-05-15 22:47:30";"2026-05-15 22:47:30"
17;17;"House 17, Wapda Town, Quetta";"2026-05-15 22:47:30";"2026-05-15 22:47:30"
18;18;"House 18, Gulberg, Hyderabad";"2026-05-15 22:47:30";"2026-05-15 22:47:30"
19;19;"House 19, Askari, Sialkot";"2026-05-15 22:47:30";"2026-05-15 22:47:30"
20;20;"House 20, DHA Phase 1, Peshawar";"2026-05-15 22:47:30";"2026-05-15 22:47:30"
21;21;"House 21, Model Town, Lahore";"2026-05-15 22:47:30";"2026-05-15 22:47:30"
22;22;"House 22, Gulshan-e-Iqbal, Karachi";"2026-05-15 22:47:30";"2026-05-15 22:47:30"
23;23;"House 23, F-8, Islamabad";"2026-05-15 22:47:30";"2026-05-15 22:47:30"
24;24;"House 24, Hayatabad, Faisalabad";"2026-05-15 22:47:30";"2026-05-15 22:47:30"
25;25;"House 25, Bahria Town, Rawalpindi";"2026-05-15 22:47:30";"2026-05-15 22:47:30"
26;26;"House 26, Clifton, Multan";"2026-05-15 22:47:30";"2026-05-15 22:47:30"
27;27;"House 27, Defence, Quetta";"2026-05-15 22:47:30";"2026-05-15 22:47:30"
28;28;"House 28, Johar Town, Hyderabad";"2026-05-15 22:47:30";"2026-05-15 22:47:30"
29;29;"House 29, Saddar, Sialkot";"2026-05-15 22:47:30";"2026-05-15 22:47:30"
30;30;"House 30, Blue Area, Peshawar";"2026-05-15 22:47:30";"2026-05-15 22:47:30"
31;31;"House 31, G-11, Lahore";"2026-05-15 22:47:30";"2026-05-15 22:47:30"
32;32;"House 32, Allama Iqbal Town, Karachi";"2026-05-15 22:47:30";"2026-05-15 22:47:30"
33;33;"House 33, North Nazimabad, Islamabad";"2026-05-15 22:47:30";"2026-05-15 22:47:30"
34;34;"House 34, Pechs, Faisalabad";"2026-05-15 22:47:30";"2026-05-15 22:47:30"
35;35;"House 35, Cantonment, Rawalpindi";"2026-05-15 22:47:30";"2026-05-15 22:47:30"
36;36;"House 36, Township, Multan";"2026-05-15 22:47:30";"2026-05-15 22:47:30"
37;37;"House 37, Wapda Town, Quetta";"2026-05-15 22:47:30";"2026-05-15 22:47:30"
38;38;"House 38, Gulberg, Hyderabad";"2026-05-15 22:47:30";"2026-05-15 22:47:30"
39;39;"House 39, Askari, Sialkot";"2026-05-15 22:47:30";"2026-05-15 22:47:30"
40;40;"House 40, DHA Phase 1, Peshawar";"2026-05-15 22:47:30";"2026-05-15 22:47:30"
41;41;"House 41, Model Town, Lahore";"2026-05-15 22:47:30";"2026-05-15 22:47:30"
42;42;"House 42, Gulshan-e-Iqbal, Karachi";"2026-05-15 22:47:30";"2026-05-15 22:47:30"
43;43;"House 43, F-8, Islamabad";"2026-05-15 22:47:30";"2026-05-15 22:47:30"
44;44;"House 44, Hayatabad, Faisalabad";"2026-05-15 22:47:30";"2026-05-15 22:47:30"
45;45;"House 45, Bahria Town, Rawalpindi";"2026-05-15 22:47:30";"2026-05-15 22:47:30"
46;46;"House 46, Clifton, Multan";"2026-05-15 22:47:30";"2026-05-15 22:47:30"
47;47;"House 47, Defence, Quetta";"2026-05-15 22:47:30";"2026-05-15 22:47:30"
48;48;"House 48, Johar Town, Hyderabad";"2026-05-15 22:47:30";"2026-05-15 22:47:30"
49;49;"House 49, Saddar, Sialkot";"2026-05-15 22:47:30";"2026-05-15 22:47:30"
50;50;"House 50, Blue Area, Peshawar";"2026-05-15 22:47:30";"2026-05-15 22:47:30"
